{"cameraMode":{"drawMode":0,"name":"Shaded","section":"Shading Mode"},"sceneLighting":true,"audioPlay":false,"sceneViewState":{"showFog":false,"showMaterialUpdate":false,"showSkybox":false,"showFlares":false,"showImageEffects":false,"showParticleSystems":false},"in2DMode":false,"pivot":{"x":0.6374144554138184,"y":0.4940755367279053,"z":0.9670687317848206},"rotation":{"x":0.0012151278788223863,"y":-0.9984544515609741,"z":0.024276601150631906,"w":0.05007120966911316},"size":1.207395076751709,"orthographic":false}