{"cameraMode":{"drawMode":0,"name":"Shaded","section":"Shading Mode"},"sceneLighting":false,"audioPlay":false,"sceneViewState":{"showFog":false,"showMaterialUpdate":false,"showSkybox":false,"showFlares":false,"showImageEffects":false,"showParticleSystems":false},"in2DMode":false,"pivot":{"x":-15.570381164550782,"y":30.175100326538087,"z":1.9719676971435547},"rotation":{"x":0.09620857238769531,"y":0.7782911658287048,"z":-0.12312445789575577,"w":0.6081573367118836},"size":38.3426513671875,"orthographic":false}