{"cameraMode":{"drawMode":0,"name":"Shaded","section":"Shading Mode"},"sceneLighting":true,"audioPlay":false,"sceneViewState":{"showFog":false,"showMaterialUpdate":false,"showSkybox":false,"showFlares":false,"showImageEffects":false,"showParticleSystems":false},"in2DMode":false,"pivot":{"x":-12.120615005493164,"y":-8.437918663024903,"z":39.55029296875},"rotation":{"x":0.15689527988433839,"y":-0.16799744963645936,"z":0.027093784883618356,"w":0.972847044467926},"size":36.39704132080078,"orthographic":false}