{"cameraMode":{"drawMode":0,"name":"Shaded","section":"Shading Mode"},"sceneLighting":false,"audioPlay":false,"sceneViewState":{"showFog":false,"showMaterialUpdate":false,"showSkybox":false,"showFlares":false,"showImageEffects":false,"showParticleSystems":false},"in2DMode":false,"pivot":{"x":-11.670557975769043,"y":24.886680603027345,"z":9.250726699829102},"rotation":{"x":0.25423359870910647,"y":-0.6778048276901245,"z":0.27175647020339968,"w":0.6341149210929871},"size":3.866024971008301,"orthographic":false}