{"cameraMode":{"drawMode":0,"name":"Shaded","section":"Shading Mode"},"sceneLighting":true,"audioPlay":false,"sceneViewState":{"showFog":false,"showMaterialUpdate":false,"showSkybox":false,"showFlares":false,"showImageEffects":false,"showParticleSystems":false},"in2DMode":false,"pivot":{"x":-47.959007263183597,"y":59.41682815551758,"z":16.406869888305665},"rotation":{"x":0.22505155205726624,"y":0.4743965268135071,"z":-0.1268671303987503,"w":0.8415578007698059},"size":3.3073947429656984,"orthographic":false}