{"cameraMode":{"drawMode":0,"name":"Shaded","section":"Shading Mode"},"sceneLighting":true,"audioPlay":false,"sceneViewState":{"showFog":false,"showMaterialUpdate":false,"showSkybox":false,"showFlares":false,"showImageEffects":false,"showParticleSystems":false},"in2DMode":false,"pivot":{"x":3.2808070182800295,"y":1.3811290264129639,"z":6.966500282287598},"rotation":{"x":-0.00002940691774711013,"y":-0.9952580332756043,"z":0.09734632074832916,"w":-0.0003052404208574444},"size":10.0,"orthographic":false}