{"cameraMode":{"drawMode":0,"name":"Shaded","section":"Shading Mode"},"sceneLighting":true,"audioPlay":false,"sceneViewState":{"showFog":false,"showMaterialUpdate":false,"showSkybox":false,"showFlares":false,"showImageEffects":false,"showParticleSystems":false},"in2DMode":false,"pivot":{"x":1.6569018363952637,"y":0.8799975514411926,"z":21.908477783203126},"rotation":{"x":0.25423359870910647,"y":-0.6778048276901245,"z":0.27175647020339968,"w":0.6341149210929871},"size":1.0077028274536133,"orthographic":false}