{"cameraMode":{"drawMode":0,"name":"Shaded","section":"Shading Mode"},"sceneLighting":false,"audioPlay":false,"sceneViewState":{"showFog":false,"showMaterialUpdate":false,"showSkybox":false,"showFlares":false,"showImageEffects":false,"showParticleSystems":false},"in2DMode":false,"pivot":{"x":-15.83519458770752,"y":19.212663650512697,"z":12.7954683303833},"rotation":{"x":0.26702967286109927,"y":-0.0025913650169968607,"z":0.0007214093930087984,"w":0.963688850402832},"size":2.547475814819336,"orthographic":false}