{"cameraMode":{"drawMode":0,"name":"Shaded","section":"Shading Mode"},"sceneLighting":true,"audioPlay":false,"sceneViewState":{"showFog":false,"showMaterialUpdate":false,"showSkybox":false,"showFlares":false,"showImageEffects":false,"showParticleSystems":false},"in2DMode":false,"pivot":{"x":0.3224776089191437,"y":1.5155376195907593,"z":-1.8629121780395508},"rotation":{"x":-0.05815832316875458,"y":0.00030902388971298933,"z":0.000020221248632878996,"w":0.9983155727386475},"size":3.024744749069214,"orthographic":false}