{"cameraMode":{"drawMode":0,"name":"Shaded","section":"Shading Mode"},"sceneLighting":true,"audioPlay":false,"sceneViewState":{"showFog":false,"showMaterialUpdate":false,"showSkybox":false,"showFlares":false,"showImageEffects":false,"showParticleSystems":false},"in2DMode":false,"pivot":{"x":-0.9422487020492554,"y":0.6329482793807983,"z":1.0354822874069214},"rotation":{"x":0.1934778392314911,"y":-0.1314152479171753,"z":0.02616112120449543,"w":0.971914529800415},"size":10.972803115844727,"orthographic":false}