{"cameraMode":{"drawMode":0,"name":"Shaded","section":"Shading Mode"},"sceneLighting":true,"audioPlay":false,"sceneViewState":{"showFog":false,"showMaterialUpdate":false,"showSkybox":false,"showFlares":false,"showImageEffects":false,"showParticleSystems":false},"in2DMode":false,"pivot":{"x":-10.067020416259766,"y":4.994168281555176,"z":7.769073486328125},"rotation":{"x":0.09752063453197479,"y":-0.6426999568939209,"z":0.08297757059335709,"w":0.755342423915863},"size":22.427810668945314,"orthographic":false}