{"cameraMode":{"drawMode":0,"name":"Shaded","section":"Shading Mode"},"sceneLighting":true,"audioPlay":false,"sceneViewState":{"showFog":false,"showMaterialUpdate":false,"showSkybox":false,"showFlares":false,"showImageEffects":false,"showParticleSystems":false},"in2DMode":false,"pivot":{"x":-1.9572312831878663,"y":1.6994984149932862,"z":25.267210006713868},"rotation":{"x":0.11250012367963791,"y":-0.5520549416542053,"z":0.0754881501197815,"w":0.8227280378341675},"size":10.0,"orthographic":false}