{"cameraMode":{"drawMode":0,"name":"Shaded","section":"Shading Mode"},"sceneLighting":true,"audioPlay":false,"sceneViewState":{"showFog":false,"showMaterialUpdate":false,"showSkybox":false,"showFlares":false,"showImageEffects":false,"showParticleSystems":false},"in2DMode":false,"pivot":{"x":4.666618347167969,"y":0.028142645955085756,"z":-3.7741708755493166},"rotation":{"x":-0.00002940691774711013,"y":-0.9952580332756043,"z":0.09734632074832916,"w":-0.0003052404208574444},"size":6.67465353012085,"orthographic":false}