{"cameraMode":{"drawMode":0,"name":"Shaded","section":"Shading Mode"},"sceneLighting":true,"audioPlay":false,"sceneViewState":{"showFog":false,"showMaterialUpdate":false,"showSkybox":false,"showFlares":false,"showImageEffects":false,"showParticleSystems":false},"in2DMode":false,"pivot":{"x":0.9652648568153381,"y":1.4856479167938233,"z":0.010501598939299584},"rotation":{"x":0.12694381177425385,"y":0.08945205062627793,"z":-0.011495857499539853,"w":0.9878163933753967},"size":6.445871353149414,"orthographic":false}