{"cameraMode":{"drawMode":0,"name":"Shaded","section":"Shading Mode"},"sceneLighting":true,"audioPlay":false,"sceneViewState":{"showFog":false,"showMaterialUpdate":false,"showSkybox":false,"showFlares":false,"showImageEffects":false,"showParticleSystems":false},"in2DMode":false,"pivot":{"x":0.12577101588249207,"y":4.207557678222656,"z":1.1194798946380616},"rotation":{"x":-0.004189938772469759,"y":0.018308641389012338,"z":0.00007903571531642228,"w":0.9998327493667603},"size":7.54509973526001,"orthographic":false}