{"cameraMode":{"drawMode":0,"name":"Shaded","section":"Shading Mode"},"sceneLighting":false,"audioPlay":false,"sceneViewState":{"showFog":false,"showMaterialUpdate":false,"showSkybox":false,"showFlares":false,"showImageEffects":false,"showParticleSystems":false},"in2DMode":false,"pivot":{"x":1.0699999332427979,"y":0.8799999952316284,"z":0.457790732383728},"rotation":{"x":0.06403440237045288,"y":0.14943155646324159,"z":-0.009698220528662205,"w":0.9866630434989929},"size":1.3427973985671998,"orthographic":false}