{"cameraMode":{"drawMode":0,"name":"Shaded","section":"Shading Mode"},"sceneLighting":true,"audioPlay":false,"sceneViewState":{"showFog":false,"showMaterialUpdate":false,"showSkybox":false,"showFlares":false,"showImageEffects":false,"showParticleSystems":false},"in2DMode":false,"pivot":{"x":21.899625778198243,"y":5.3928070068359379,"z":4.692461013793945},"rotation":{"x":-0.1576443314552307,"y":0.258868932723999,"z":0.0428631491959095,"w":0.9520017504692078},"size":6.256570339202881,"orthographic":false}